{"metrics": {"PRF": "precision    recall    f1-score    support\n1.0    1.0    1.0    None    "}, "predictions": [5, 5, 4], "uids": ["0", "1", "2"], "scores": [0.00020893562759738415, 0.0007635874790139496, 0.00022347793856170028, 0.0001468881091568619, 0.0008247169316746294, 0.9978324770927429, 0.0003046132333111018, 0.0011827390408143401, 0.0003751597832888365, 0.0002630522067192942, 0.0022742378059774637, 0.9956002235412598, 0.0006554669816978276, 0.0008810586878098547, 0.000740119896363467, 0.0008330077980645001, 0.994120180606842, 0.002770115854218602]}