{"metrics": {"PRF": "precision    recall    f1-score    support\n0.5    0.42857142857142855    0.4615384615384615    None    "}, "predictions": [1, 0, 0, 1, 1, 1, 1, 1, 1, 1, 1, 1, 1, 1], "uids": ["0", "1", "2", "3", "4", "5", "6", "7", "8", "9", "10", "11", "12", "13"], "scores": [0.00399996479973197, 0.9960000514984131, 0.9404336810112, 0.059566352516412735, 0.9984776377677917, 0.001522418693639338, 0.013987195678055286, 0.9860127568244934, 0.004197956062853336, 0.995802104473114, 0.0028115655295550823, 0.9971883893013, 0.003958438523113728, 0.9960415363311768, 0.2676505744457245, 0.7323493957519531, 0.006606820970773697, 0.9933931231498718, 0.005010928958654404, 0.9949890971183777, 0.43512240052223206, 0.5648776292800903, 0.005540078040212393, 0.9944599866867065, 0.0034271879121661186, 0.9965728521347046, 0.0032255887053906918, 0.9967743754386902]}